[
  {
    "class": "hostinger-ai-title",
    "type": "Title",
    "max_words": 2,
    "index": "0"
  },
  {
    "class": "hostinger-ai-testimonial-image",
    "type": "Image",
    "index": "0",
    "max_words": 5,
    "image_size": {
      "width": 98,
      "height": 108,
      "crop": true
    },
    "default_content": "man face"
  },
  {
    "class": "hostinger-ai-testimonial-text",
    "type": "Testimonial",
    "index": "0",
    "max_words": 14
  },
  {
    "class": "hostinger-ai-testimonial-image",
    "type": "Image",
    "index": "1",
    "max_words": 5,
    "image_size": {
      "width": 98,
      "height": 108,
      "crop": true
    },
    "default_content": "woman face"
  },
  {
    "class": "hostinger-ai-testimonial-text",
    "type": "Testimonial",
    "index": "1",
    "max_words": 14
  }
]
