[
  {
    "class": "hostinger-ai-testimonial-image",
    "type": "Image",
    "index": "0",
    "max_words": 5,
    "image_size": {
      "width": 98,
      "height": 108,
      "crop": true
    }
  },
  {
    "class": "hostinger-ai-testimonial-text",
    "type": "Testimonial",
    "index": "0",
    "max_words": 14
  },
  {
    "class": "hostinger-ai-testimonial-image",
    "type": "Image",
    "index": "1",
    "max_words": 5,
    "image_size": {
      "width": 98,
      "height": 108,
      "crop": true
    }
  },
  {
    "class": "hostinger-ai-testimonial-text",
    "type": "Testimonial",
    "index": "1",
    "max_words": 14
  }
]
