[
  {
    "class": "hostinger-ai-title",
    "type": "Title",
    "max_words": 3,
    "tone": "buissiness",
    "index": "0"
  },
  {
    "class": "hostinger-ai-description",
    "type": "Description",
    "max_words": 12,
    "index": "0"
  },
  {
    "class": "hostinger-ai-image",
    "type": "Image",
    "index": "0",
    "max_words": 5,
    "image_size": {
      "width": 1100,
      "height": 450,
      "crop": true
    }
  },
  {
    "class": "hostinger-ai-card-title",
    "type": "Card title",
    "max_words": 3,
    "index": "0"
  },
  {
    "class": "hostinger-ai-card-description",
    "type": "Card description",
    "max_words": 12,
    "index": "0"
  },
  {
    "class": "hostinger-ai-card-price",
    "type": "Price with currency (ex. 10$)",
    "max_words": 1,
    "index": "0"
  },
  {
    "class": "hostinger-ai-card-title",
    "type": "Card title",
    "max_words": 3,
    "index": "1"
  },
  {
    "class": "hostinger-ai-card-description",
    "type": "Card description",
    "max_words": 12,
    "index": "1"
  },
  {
    "class": "hostinger-ai-card-price",
    "type": "Price with currency (ex. 10$)",
    "max_words": 1,
    "index": "1"
  },
  {
    "class": "hostinger-ai-card-title",
    "type": "Card title",
    "max_words": 3,
    "index": "2"
  },
  {
    "class": "hostinger-ai-card-description",
    "type": "Card description",
    "max_words": 12,
    "index": "2"
  },
  {
    "class": "hostinger-ai-card-price",
    "type": "Price with currency (ex. 10$)",
    "max_words": 1,
    "index": "2"
  },
  {
    "class": "hostinger-ai-card-title",
    "type": "Card title",
    "max_words": 3,
    "index": "3"
  },
  {
    "class": "hostinger-ai-card-description",
    "type": "Card description",
    "max_words": 12,
    "index": "3"
  },
  {
    "class": "hostinger-ai-card-price",
    "type": "Price with currency (ex. 10$)",
    "max_words": 1,
    "index": "3"
  },
  {
    "class": "hostinger-ai-card-title",
    "type": "Card title",
    "max_words": 3,
    "index": "4"
  },
  {
    "class": "hostinger-ai-card-description",
    "type": "Card description",
    "max_words": 12,
    "index": "4"
  },
  {
    "class": "hostinger-ai-card-price",
    "type": "Price with currency (ex. 10$)",
    "max_words": 1,
    "index": "4"
  },
  {
    "class": "hostinger-ai-card-title",
    "type": "Card title",
    "max_words": 3,
    "index": "5"
  },
  {
    "class": "hostinger-ai-card-description",
    "type": "Card description",
    "max_words": 12,
    "index": "5"
  },
  {
    "class": "hostinger-ai-card-price",
    "type": "Price with currency (ex. 10$)",
    "max_words": 1,
    "index": "5"
  }
]
